<?xml version="1.0" encoding="UTF-8" ?>
<!DOCTYPE log4j:configuration SYSTEM "docs/log4j.dtd">
<log4j:configuration xmlns:log4j='http://jakarta.apache.org/log4j/'>
        
	<!-- CORE APPENDERS -->
	<appender name="CONSOLE" class="org.apache.log4j.ConsoleAppender" >
		<param name="Threshold" value="DEBUG"/>
		<layout class="org.apache.log4j.PatternLayout">
			<param name="ConversionPattern" value="%d|%t|%-5p|%m%n"/>
		</layout>
	</appender>
	<appender name="CONSOLEERROR" class="org.apache.log4j.ConsoleAppender" >
		<param name="Target" value="System.err"/>
		<param name="Threshold" value="ERROR"/>
		<layout class="org.apache.log4j.PatternLayout">
			<param name="ConversionPattern" value="%d|%t|%-5p|%m%n"/>
		</layout>
	</appender>
  
	<!-- ROOT LOGGER -->
	
	<root>
		<level value="ERROR"/>
		<appender-ref ref="CONSOLE"/>
		<appender-ref ref="CONSOLEERROR"/>
	</root>
  
</log4j:configuration>